TRAIN,imgs/00000_COCO_train2014_000000297019.jpg,SpeedBumpSign,0.6565,0.2969,,,0.7597,0.4641,,
TRAIN,imgs/00001_COCO_train2014_000000256662.jpg,SpeedBumpSign,0.5287,0.2984,,,0.6096,0.4047,,
TRAIN,imgs/00002_COCO_train2014_000000313946.jpg,SpeedBumpSign,0.9179,0.5563,,,0.9437,0.5906,,
TRAIN,imgs/00002_COCO_train2014_000000313946.jpg,SpeedBumpSign,0.0000,0.1547,,,0.0234,0.1953,,
TRAIN,imgs/00003_COCO_train2014_000000074078.jpg,SpeedBumpSign,0.0000,0.0000,,,0.1149,0.1531,,
TRAIN,imgs/00003_COCO_train2014_000000074078.jpg,SpeedBumpSign,0.0000,0.3250,,,0.1125,0.4734,,
TRAIN,imgs/00004_COCO_train2014_000000533041.jpg,SpeedBumpSign,0.3916,0.2219,,,0.4736,0.3297,,
TRAIN,imgs/00005_COCO_train2014_000000080360.jpg,SpeedBumpSign,0.4232,0.3328,,,0.4748,0.4016,,
TRAIN,imgs/00006_COCO_train2014_000000136142.jpg,SpeedBumpSign,0.6870,0.0563,,,0.7128,0.0906,,
TRAIN,imgs/00007_COCO_train2014_000000420146.jpg,SpeedBumpSign,0.7808,0.5797,,,0.8171,0.6297,,
TRAIN,imgs/00008_COCO_train2014_000000026454.jpg,SpeedBumpSign,0.0481,0.0156,,,0.1348,0.1641,,
TRAIN,imgs/00009_COCO_train2014_000000141065.jpg,SpeedBumpSign,0.3050,0.4781,,,0.4175,0.6469,,
TRAIN,imgs/00010_COCO_train2014_000000481407.jpg,SpeedBumpSign,0.2884,0.3094,,,0.3845,0.4328,,
TRAIN,imgs/00011_COCO_train2014_000000215625.jpg,SpeedBumpSign,0.1606,0.5500,,,0.2403,0.6547,,
TRAIN,imgs/00011_COCO_train2014_000000215625.jpg,SpeedBumpSign,0.3798,0.0125,,,0.4373,0.1187,,
TRAIN,imgs/00012_COCO_train2014_000000000194.jpg,SpeedBumpSign,0.4033,0.0000,,,0.4525,0.0641,,
TRAIN,imgs/00013_COCO_train2014_000000459189.jpg,SpeedBumpSign,0.5416,0.8187,,,0.5967,0.8922,,
TRAIN,imgs/00013_COCO_train2014_000000459189.jpg,SpeedBumpSign,0.2720,0.0000,,,0.3130,0.0781,,
TRAIN,imgs/00014_COCO_train2014_000000065737.jpg,SpeedBumpSign,0.0000,0.2063,,,0.1422,0.3329,,
TRAIN,imgs/00014_COCO_train2014_000000065737.jpg,SpeedBumpSign,0.1469,0.1876,,,0.3094,0.3083,,
TRAIN,imgs/00015_COCO_train2014_000000525432.jpg,SpeedBumpSign,0.0875,0.0774,,,0.1562,0.1301,,
TRAIN,imgs/00015_COCO_train2014_000000525432.jpg,SpeedBumpSign,0.3937,0.0070,,,0.4516,0.0598,,
TRAIN,imgs/00016_COCO_train2014_000000337716.jpg,SpeedBumpSign,0.5125,0.0119,,,0.6781,0.1344,,
TRAIN,imgs/00017_COCO_train2014_000000492851.jpg,SpeedBumpSign,0.0000,0.2844,,,0.1114,0.4359,,
TRAIN,imgs/00017_COCO_train2014_000000492851.jpg,SpeedBumpSign,0.1336,0.3563,,,0.2356,0.4922,,
TRAIN,imgs/00018_COCO_train2014_000000427555.jpg,SpeedBumpSign,0.1383,0.6281,,,0.1805,0.6828,,
TRAIN,imgs/00019_COCO_train2014_000000418595.jpg,SpeedBumpSign,0.1290,0.1609,,,0.2415,0.3109,,
TRAIN,imgs/00020_COCO_train2014_000000074386.jpg,SpeedBumpSign,0.3475,0.4094,,,0.4215,0.5141,,
TRAIN,imgs/00020_COCO_train2014_000000074386.jpg,SpeedBumpSign,0.4439,0.6188,,,0.5168,0.7203,,
TRAIN,imgs/00021_COCO_train2014_000000199618.jpg,SpeedBumpSign,0.0703,0.0000,,,0.1422,0.0617,,
TRAIN,imgs/00021_COCO_train2014_000000199618.jpg,SpeedBumpSign,0.1938,0.0835,,,0.2812,0.1581,,
TRAIN,imgs/00022_COCO_train2014_000000131674.jpg,SpeedBumpSign,0.1782,0.1219,,,0.2825,0.3000,,
TRAIN,imgs/00023_COCO_train2014_000000480295.jpg,SpeedBumpSign,0.1090,0.7359,,,0.1630,0.8078,,
TRAIN,imgs/00024_COCO_train2014_000000271249.jpg,SpeedBumpSign,0.0117,0.6047,,,0.0891,0.7422,,
TRAIN,imgs/00025_COCO_train2014_000000197427.jpg,SpeedBumpSign,0.0868,0.0000,,,0.1102,0.0328,,
TRAIN,imgs/00025_COCO_train2014_000000197427.jpg,SpeedBumpSign,0.6190,0.0250,,,0.6377,0.0578,,
TRAIN,imgs/00026_COCO_train2014_000000230522.jpg,SpeedBumpSign,0.1336,0.0000,,,0.2110,0.1016,,
TRAIN,imgs/00027_COCO_train2014_000000155993.jpg,SpeedBumpSign,0.5229,0.0437,,,0.5627,0.1141,,
TRAIN,imgs/00027_COCO_train2014_000000155993.jpg,SpeedBumpSign,0.0000,0.0000,,,0.0399,0.0719,,
TRAIN,imgs/00028_COCO_train2014_000000451415.jpg,SpeedBumpSign,0.0531,0.2781,,,0.1234,0.3484,,
TRAIN,imgs/00028_COCO_train2014_000000451415.jpg,SpeedBumpSign,0.4156,0.2750,,,0.4688,0.3484,,
TRAIN,imgs/00029_COCO_train2014_000000024842.jpg,SpeedBumpSign,0.3531,0.5687,,,0.5078,0.7234,,
TRAIN,imgs/00029_COCO_train2014_000000024842.jpg,SpeedBumpSign,0.4125,0.0000,,,0.5406,0.1594,,
TRAIN,imgs/00030_COCO_train2014_000000565462.jpg,SpeedBumpSign,0.2743,0.0000,,,0.3458,0.0953,,
TRAIN,imgs/00030_COCO_train2014_000000565462.jpg,SpeedBumpSign,0.1594,0.5563,,,0.2321,0.6734,,
TRAIN,imgs/00030_COCO_train2014_000000565462.jpg,SpeedBumpSign,0.3798,0.4875,,,0.4490,0.6109,,
TRAIN,imgs/00031_COCO_train2014_000000427251.jpg,SpeedBumpSign,0.1512,0.1500,,,0.2075,0.2219,,
TRAIN,imgs/00032_COCO_train2014_000000222453.jpg,SpeedBumpSign,0.5425,0.1266,,,0.5928,0.2266,,
TRAIN,imgs/00033_COCO_train2014_000000286953.jpg,SpeedBumpSign,0.5672,0.2872,,,0.7031,0.4091,,
TRAIN,imgs/00034_COCO_train2014_000000386304.jpg,SpeedBumpSign,0.2406,0.2040,,,0.3859,0.3118,,
TRAIN,imgs/00035_COCO_train2014_000000309720.jpg,SpeedBumpSign,0.3172,0.0625,,,0.4453,0.2094,,
TRAIN,imgs/00036_COCO_train2014_000000140390.jpg,SpeedBumpSign,0.4766,0.0000,,,0.6297,0.1516,,
TRAIN,imgs/00037_COCO_train2014_000000427014.jpg,SpeedBumpSign,0.4934,0.3891,,,0.6480,0.5531,,
TRAIN,imgs/00037_COCO_train2014_000000427014.jpg,SpeedBumpSign,0.2386,0.4953,,,0.3726,0.6672,,
TRAIN,imgs/00038_COCO_train2014_000000329762.jpg,SpeedBumpSign,0.2896,0.4750,,,0.4056,0.6281,,
TRAIN,imgs/00039_COCO_train2014_000000549115.jpg,SpeedBumpSign,0.1758,0.2188,,,0.2673,0.3406,,
TRAIN,imgs/00039_COCO_train2014_000000549115.jpg,SpeedBumpSign,0.7362,0.5656,,,0.8242,0.6828,,
TRAIN,imgs/00040_COCO_train2014_000000196775.jpg,SpeedBumpSign,0.6422,0.1899,,,0.6875,0.2251,,
TRAIN,imgs/00041_COCO_train2014_000000296252.jpg,SpeedBumpSign,0.1344,0.2016,,,0.2938,0.3189,,
TRAIN,imgs/00042_COCO_train2014_000000198596.jpg,SpeedBumpSign,0.8429,0.0000,,,0.8804,0.0688,,
TRAIN,imgs/00043_COCO_train2014_000000420146.jpg,SpeedBumpSign,0.1512,0.0422,,,0.2450,0.2125,,
TRAIN,imgs/00044_COCO_train2014_000000344597.jpg,SpeedBumpSign,0.1501,0.1844,,,0.1782,0.2219,,
TRAIN,imgs/00045_COCO_train2014_000000475236.jpg,SpeedBumpSign,0.0781,0.0378,,,0.1469,0.0993,,
TRAIN,imgs/00045_COCO_train2014_000000475236.jpg,SpeedBumpSign,0.0750,0.1371,,,0.1219,0.1958,,
TRAIN,imgs/00046_COCO_train2014_000000205794.jpg,SpeedBumpSign,0.6178,0.5062,,,0.6483,0.5469,,
TRAIN,imgs/00047_COCO_train2014_000000345225.jpg,SpeedBumpSign,0.4625,0.0000,,,0.5453,0.0623,,
TRAIN,imgs/00048_COCO_train2014_000000160459.jpg,SpeedBumpSign,0.6542,0.4281,,,0.7819,0.5984,,
TRAIN,imgs/00049_COCO_train2014_000000107776.jpg,SpeedBumpSign,0.4594,0.1583,,,0.6156,0.2896,,
TRAIN,imgs/00050_COCO_train2014_000000330562.jpg,SpeedBumpSign,0.1899,0.4125,,,0.2567,0.5031,,
TRAIN,imgs/00051_COCO_train2014_000000393699.jpg,SpeedBumpSign,0.2980,0.1938,,,0.4187,0.3719,,
TRAIN,imgs/00052_COCO_train2014_000000172608.jpg,SpeedBumpSign,0.2313,0.4045,,,0.3047,0.4830,,
TRAIN,imgs/00053_COCO_train2014_000000408418.jpg,SpeedBumpSign,0.4703,0.3438,,,0.5984,0.4719,,
TRAIN,imgs/00054_COCO_train2014_000000427771.jpg,SpeedBumpSign,0.2531,0.0352,,,0.3500,0.1301,,
TRAIN,imgs/00054_COCO_train2014_000000427771.jpg,SpeedBumpSign,0.0000,0.2954,,,0.1281,0.3904,,
TRAIN,imgs/00055_COCO_train2014_000000034475.jpg,SpeedBumpSign,0.2579,0.6719,,,0.3470,0.7922,,
TRAIN,imgs/00055_COCO_train2014_000000034475.jpg,SpeedBumpSign,0.0774,0.0000,,,0.1501,0.1250,,
TRAIN,imgs/00056_COCO_train2014_000000378907.jpg,SpeedBumpSign,0.7386,0.0594,,,0.8007,0.1594,,
TRAIN,imgs/00057_COCO_train2014_000000329012.jpg,SpeedBumpSign,0.6964,0.0000,,,0.7537,0.0766,,
TRAIN,imgs/00058_COCO_train2014_000000026375.jpg,SpeedBumpSign,0.0000,0.0000,,,0.0953,0.0938,,
TRAIN,imgs/00059_COCO_train2014_000000394175.jpg,SpeedBumpSign,0.9252,0.7547,,,0.9464,0.7828,,
TRAIN,imgs/00060_COCO_train2014_000000160181.jpg,SpeedBumpSign,0.7114,0.9172,,,0.7360,0.9484,,
TRAIN,imgs/00060_COCO_train2014_000000160181.jpg,SpeedBumpSign,0.2407,0.4250,,,0.2675,0.4594,,
TRAIN,imgs/00061_COCO_train2014_000000458802.jpg,SpeedBumpSign,0.7456,0.0219,,,0.7749,0.0703,,
TRAIN,imgs/00061_COCO_train2014_000000458802.jpg,SpeedBumpSign,0.2005,0.3000,,,0.2333,0.3406,,
TRAIN,imgs/00062_COCO_train2014_000000484814.jpg,SpeedBumpSign,0.0000,0.7547,,,0.0305,0.7953,,
TRAIN,imgs/00063_COCO_train2014_000000091348.jpg,SpeedBumpSign,0.3775,0.2547,,,0.4537,0.3578,,
TRAIN,imgs/00063_COCO_train2014_000000091348.jpg,SpeedBumpSign,0.5311,0.2281,,,0.5955,0.3141,,
TRAIN,imgs/00063_COCO_train2014_000000091348.jpg,SpeedBumpSign,0.5756,0.5906,,,0.6495,0.6875,,
TRAIN,imgs/00064_COCO_train2014_000000076266.jpg,SpeedBumpSign,0.5719,0.4125,,,0.7125,0.5500,,
TRAIN,imgs/00065_COCO_train2014_000000394880.jpg,SpeedBumpSign,0.2227,0.2437,,,0.2427,0.2703,,
TRAIN,imgs/00066_COCO_train2014_000000263512.jpg,SpeedBumpSign,0.1536,0.6125,,,0.2345,0.7219,,
TRAIN,imgs/00066_COCO_train2014_000000263512.jpg,SpeedBumpSign,0.4068,0.1875,,,0.4795,0.2984,,
TRAIN,imgs/00067_COCO_train2014_000000221874.jpg,SpeedBumpSign,0.5229,0.2938,,,0.6202,0.4203,,
TRAIN,imgs/00068_COCO_train2014_000000361991.jpg,SpeedBumpSign,0.0000,0.3625,,,0.0984,0.4594,,
TRAIN,imgs/00069_COCO_train2014_000000403162.jpg,SpeedBumpSign,0.8886,0.7031,,,0.9109,0.7328,,
TRAIN,imgs/00070_COCO_train2014_000000117679.jpg,SpeedBumpSign,0.7163,0.6797,,,0.8019,0.8234,,
TRAIN,imgs/00071_COCO_train2014_000000067191.jpg,SpeedBumpSign,0.5973,0.1797,,,0.6425,0.2422,,
TRAIN,imgs/00071_COCO_train2014_000000067191.jpg,SpeedBumpSign,0.5419,0.6797,,,0.5860,0.7391,,
TRAIN,imgs/00071_COCO_train2014_000000067191.jpg,SpeedBumpSign,0.2048,0.3187,,,0.2421,0.3812,,
TRAIN,imgs/00072_COCO_train2014_000000492137.jpg,SpeedBumpSign,0.4478,0.0000,,,0.5533,0.1375,,
TRAIN,imgs/00073_COCO_train2014_000000471913.jpg,SpeedBumpSign,0.1313,0.3281,,,0.2781,0.4781,,
TRAIN,imgs/00073_COCO_train2014_000000471913.jpg,SpeedBumpSign,0.5984,0.0000,,,0.7438,0.1422,,
TRAIN,imgs/00074_COCO_train2014_000000516712.jpg,SpeedBumpSign,0.3719,0.2594,,,0.4953,0.4250,,
TRAIN,imgs/00075_COCO_train2014_000000568113.jpg,SpeedBumpSign,0.2579,0.3797,,,0.3083,0.4609,,
TRAIN,imgs/00076_COCO_train2014_000000051021.jpg,SpeedBumpSign,0.4174,0.0000,,,0.5275,0.1797,,
TRAIN,imgs/00077_COCO_train2014_000000082220.jpg,SpeedBumpSign,0.4781,0.2195,,,0.5469,0.2860,,
TRAIN,imgs/00078_COCO_train2014_000000393297.jpg,SpeedBumpSign,0.6859,0.0000,,,0.7578,0.1031,,
TRAIN,imgs/00079_COCO_train2014_000000159924.jpg,SpeedBumpSign,0.0633,0.0813,,,0.1395,0.2078,,
TRAIN,imgs/00080_COCO_train2014_000000581873.jpg,SpeedBumpSign,0.5375,0.4150,,,0.6609,0.5428,,
TRAIN,imgs/00081_COCO_train2014_000000271803.jpg,SpeedBumpSign,0.7297,0.4678,,,0.7812,0.5053,,
TRAIN,imgs/00082_COCO_train2014_000000321330.jpg,SpeedBumpSign,0.1938,0.0281,,,0.2687,0.0844,,
TRAIN,imgs/00083_COCO_train2014_000000303453.jpg,SpeedBumpSign,0.0000,0.5625,,,0.1196,0.7219,,
TRAIN,imgs/00084_COCO_train2014_000000066129.jpg,SpeedBumpSign,0.6424,0.6125,,,0.7163,0.7531,,
TRAIN,imgs/00085_COCO_train2014_000000427548.jpg,SpeedBumpSign,0.0000,0.6281,,,0.1250,0.7906,,
TRAIN,imgs/00086_COCO_train2014_000000237834.jpg,SpeedBumpSign,0.6312,0.0000,,,0.7562,0.1234,,
TRAIN,imgs/00087_COCO_train2014_000000524710.jpg,SpeedBumpSign,0.3625,0.1625,,,0.5344,0.3312,,
TRAIN,imgs/00088_COCO_train2014_000000189646.jpg,SpeedBumpSign,0.3013,0.0000,,,0.4138,0.1500,,
TRAIN,imgs/00089_COCO_train2014_000000394514.jpg,SpeedBumpSign,0.0094,0.1124,,,0.1703,0.2397,,
TRAIN,imgs/00090_COCO_train2014_000000394729.jpg,SpeedBumpSign,0.1454,0.0000,,,0.1782,0.0422,,
TRAIN,imgs/00091_COCO_train2014_000000051763.jpg,SpeedBumpSign,0.0000,0.0000,,,0.0953,0.0935,,
TRAIN,imgs/00092_COCO_train2014_000000467180.jpg,SpeedBumpSign,0.0445,0.5813,,,0.0692,0.6141,,
TRAIN,imgs/00093_COCO_train2014_000000351242.jpg,SpeedBumpSign,0.2565,0.2875,,,0.3599,0.4219,,
TRAIN,imgs/00093_COCO_train2014_000000351242.jpg,SpeedBumpSign,0.3183,0.1437,,,0.4240,0.2812,,
TRAIN,imgs/00094_COCO_train2014_000000189027.jpg,SpeedBumpSign,0.0000,0.1594,,,0.1315,0.3234,,
TRAIN,imgs/00094_COCO_train2014_000000189027.jpg,SpeedBumpSign,0.5980,0.0000,,,0.7295,0.1688,,
TRAIN,imgs/00094_COCO_train2014_000000189027.jpg,SpeedBumpSign,0.3375,0.4531,,,0.4392,0.6219,,
TRAIN,imgs/00095_COCO_train2014_000000426778.jpg,SpeedBumpSign,0.1993,0.0000,,,0.3142,0.1750,,
TRAIN,imgs/00096_COCO_train2014_000000418372.jpg,SpeedBumpSign,0.5958,0.1625,,,0.6811,0.2781,,
TRAIN,imgs/00097_COCO_train2014_000000417802.jpg,SpeedBumpSign,0.5979,0.0563,,,0.6858,0.1719,,
TRAIN,imgs/00098_COCO_train2014_000000248835.jpg,SpeedBumpSign,0.5406,0.2321,,,0.6344,0.3154,,
TRAIN,imgs/00099_COCO_train2014_000000524500.jpg,SpeedBumpSign,0.0000,0.8812,,,0.0246,0.9250,,
TRAIN,imgs/00100_COCO_train2014_000000363525.jpg,SpeedBumpSign,0.4478,0.2844,,,0.5803,0.4625,,
TRAIN,imgs/00101_COCO_train2014_000000062426.jpg,SpeedBumpSign,0.0344,0.3529,,,0.1922,0.4725,,
TRAIN,imgs/00102_COCO_train2014_000000516624.jpg,SpeedBumpSign,0.1196,0.5906,,,0.2192,0.7484,,
TRAIN,imgs/00102_COCO_train2014_000000516624.jpg,SpeedBumpSign,0.4502,0.0688,,,0.5334,0.2156,,
TRAIN,imgs/00103_COCO_train2014_000000166296.jpg,SpeedBumpSign,0.5272,0.3391,,,0.6533,0.5109,,
TEST,imgs/00104_COCO_train2014_000000436182.jpg,SpeedBumpSign,0.6026,0.2344,,,0.7011,0.3625,,
TEST,imgs/00105_COCO_train2014_000000164093.jpg,SpeedBumpSign,0.0187,0.1272,,,0.0891,0.1854,,
TEST,imgs/00106_COCO_train2014_000000165671.jpg,SpeedBumpSign,0.3094,0.1899,,,0.4203,0.2943,,
TEST,imgs/00107_COCO_train2014_000000573911.jpg,SpeedBumpSign,0.3047,0.1109,,,0.3563,0.1641,,
TEST,imgs/00107_COCO_train2014_000000573911.jpg,SpeedBumpSign,0.0000,0.5781,,,0.0484,0.6344,,
TEST,imgs/00108_COCO_train2014_000000467203.jpg,SpeedBumpSign,0.5281,0.2074,,,0.6625,0.3123,,
TEST,imgs/00108_COCO_train2014_000000467203.jpg,SpeedBumpSign,0.0000,0.0000,,,0.1125,0.1037,,
TEST,imgs/00109_COCO_train2014_000000008195.jpg,SpeedBumpSign,0.0719,0.6797,,,0.2031,0.8141,,
TEST,imgs/00110_COCO_train2014_000000204855.jpg,SpeedBumpSign,0.3156,0.0610,,,0.4422,0.1864,,
TEST,imgs/00111_COCO_train2014_000000060360.jpg,SpeedBumpSign,0.2860,0.2344,,,0.3494,0.3172,,
TEST,imgs/00112_COCO_train2014_000000129415.jpg,SpeedBumpSign,0.2298,0.1797,,,0.2896,0.2859,,
TEST,imgs/00113_COCO_train2014_000000164178.jpg,SpeedBumpSign,0.4302,0.4562,,,0.5299,0.5859,,
TEST,imgs/00113_COCO_train2014_000000164178.jpg,SpeedBumpSign,0.3048,0.2109,,,0.4174,0.3594,,
TEST,imgs/00114_COCO_train2014_000000478080.jpg,SpeedBumpSign,0.5709,0.0641,,,0.6999,0.2359,,
TEST,imgs/00114_COCO_train2014_000000478080.jpg,SpeedBumpSign,0.6542,0.5453,,,0.7562,0.7203,,
TEST,imgs/00114_COCO_train2014_000000478080.jpg,SpeedBumpSign,0.0000,0.0000,,,0.1348,0.1828,,
TEST,imgs/00115_COCO_train2014_000000025172.jpg,SpeedBumpSign,0.0257,0.1688,,,0.0619,0.2172,,
TEST,imgs/00116_COCO_train2014_000000181103.jpg,SpeedBumpSign,0.6753,0.5031,,,0.7280,0.5969,,
VALIDATION,imgs/00117_COCO_train2014_000000451283.jpg,SpeedBumpSign,0.5018,0.7047,,,0.5404,0.7562,,
VALIDATION,imgs/00118_COCO_train2014_000000337219.jpg,SpeedBumpSign,0.1812,0.2134,,,0.2266,0.2579,,
VALIDATION,imgs/00119_COCO_train2014_000000524522.jpg,SpeedBumpSign,0.5826,0.4859,,,0.6272,0.5578,,
VALIDATION,imgs/00119_COCO_train2014_000000524522.jpg,SpeedBumpSign,0.1876,0.3844,,,0.2333,0.4547,,
VALIDATION,imgs/00120_COCO_train2014_000000460578.jpg,SpeedBumpSign,0.1406,0.1375,,,0.2656,0.2844,,
VALIDATION,imgs/00121_COCO_train2014_000000247247.jpg,SpeedBumpSign,0.2063,0.0000,,,0.3095,0.1391,,
VALIDATION,imgs/00122_COCO_train2014_000000500212.jpg,SpeedBumpSign,0.4760,0.0000,,,0.5088,0.0578,,
VALIDATION,imgs/00123_COCO_train2014_000000573744.jpg,SpeedBumpSign,0.9261,0.8953,,,0.9440,0.9281,,
VALIDATION,imgs/00124_COCO_train2014_000000070310.jpg,SpeedBumpSign,0.3869,0.7422,,,0.4420,0.8359,,
VALIDATION,imgs/00124_COCO_train2014_000000070310.jpg,SpeedBumpSign,0.3634,0.1781,,,0.4209,0.2766,,
VALIDATION,imgs/00125_COCO_train2014_000000286773.jpg,SpeedBumpSign,0.3318,0.0000,,,0.3901,0.1078,,
VALIDATION,imgs/00125_COCO_train2014_000000286773.jpg,SpeedBumpSign,0.5247,0.1609,,,0.5841,0.2656,,
VALIDATION,imgs/00126_COCO_train2014_000000541147.jpg,SpeedBumpSign,0.2951,0.4031,,,0.4334,0.5734,,
VALIDATION,imgs/00127_COCO_train2014_000000345062.jpg,SpeedBumpSign,0.5625,0.1062,,,0.6469,0.1906,,
VALIDATION,imgs/00128_COCO_train2014_000000482195.jpg,SpeedBumpSign,0.6469,0.2732,,,0.7781,0.3845,,
VALIDATION,imgs/00129_COCO_train2014_000000173150.jpg,SpeedBumpSign,0.0070,0.6172,,,0.0387,0.6641,,
