TRAIN,imgs/00000_COCO_train2014_000000262260.jpg,SpeedBumpSign,0.4375,0.1007,,,0.5453,0.2623,,
TRAIN,imgs/00000_COCO_train2014_000000262260.jpg,SpeedBumpSign,0.3516,0.0328,,,0.4344,0.1569,,
TRAIN,imgs/00000_COCO_train2014_000000262260.jpg,SpeedBumpSign,0.0625,0.3302,,,0.1844,0.5129,,
TRAIN,imgs/00001_COCO_train2014_000000319601.jpg,SpeedBumpSign,0.8562,0.6369,,,0.9172,0.7430,,
TRAIN,imgs/00008_COCO_train2014_000000458832.jpg,SpeedBumpSign,0.2391,0.0000,,,0.3734,0.3007,,
TRAIN,imgs/00009_COCO_train2014_000000254132.jpg,SpeedBumpSign,0.1705,0.3734,,,0.4119,0.5062,,
TRAIN,imgs/00009_COCO_train2014_000000254132.jpg,SpeedBumpSign,0.2557,0.5250,,,0.4744,0.6453,,
TRAIN,imgs/00010_COCO_train2014_000000393317.jpg,SpeedBumpSign,0.7453,0.5930,,,0.7937,0.6831,,
TRAIN,imgs/00010_COCO_train2014_000000393317.jpg,SpeedBumpSign,0.0000,0.5610,,,0.0484,0.6483,,
TRAIN,imgs/00010_COCO_train2014_000000393317.jpg,SpeedBumpSign,0.0703,0.5465,,,0.1156,0.6308,,
TRAIN,imgs/00011_COCO_train2014_000000090173.jpg,SpeedBumpSign,0.0200,0.4084,,,0.1740,0.6396,,
TRAIN,imgs/00012_COCO_train2014_000000106621.jpg,SpeedBumpSign,0.0000,0.5173,,,0.1260,0.6853,,
TRAIN,imgs/00012_COCO_train2014_000000106621.jpg,SpeedBumpSign,0.3260,0.3387,,,0.4520,0.5040,,
TRAIN,imgs/00013_COCO_train2014_000000335940.jpg,SpeedBumpSign,0.1600,0.2613,,,0.3000,0.4507,,
TRAIN,imgs/00014_COCO_train2014_000000000049.jpg,SpeedBumpSign,0.1260,0.0000,,,0.3412,0.1620,,
TRAIN,imgs/00014_COCO_train2014_000000000049.jpg,SpeedBumpSign,0.0000,0.5320,,,0.2205,0.6980,,
TRAIN,imgs/00017_COCO_train2014_000000532491.jpg,SpeedBumpSign,0.5344,0.1967,,,0.6359,0.3513,,
TRAIN,imgs/00020_COCO_train2014_000000434275.jpg,SpeedBumpSign,0.4837,0.2092,,,0.6078,0.3317,,
TRAIN,imgs/00021_COCO_train2014_000000196623.jpg,SpeedBumpSign,0.0000,0.0000,,,0.1031,0.1375,,
TRAIN,imgs/00021_COCO_train2014_000000196623.jpg,SpeedBumpSign,0.2594,0.4042,,,0.3578,0.5354,,
TRAIN,imgs/00022_COCO_train2014_000000295017.jpg,SpeedBumpSign,0.1917,0.2156,,,0.3417,0.3281,,
TRAIN,imgs/00025_COCO_train2014_000000180287.jpg,SpeedBumpSign,0.0000,0.0000,,,0.0875,0.1300,,
TRAIN,imgs/00026_COCO_train2014_000000368702.jpg,SpeedBumpSign,0.1922,0.0000,,,0.4595,0.1780,,
TRAIN,imgs/00026_COCO_train2014_000000368702.jpg,SpeedBumpSign,0.1141,0.2560,,,0.3483,0.4100,,
TRAIN,imgs/00026_COCO_train2014_000000368702.jpg,SpeedBumpSign,0.0000,0.4580,,,0.2402,0.6160,,
TRAIN,imgs/00031_COCO_train2014_000000000049.jpg,SpeedBumpSign,0.2100,0.0000,,,0.4094,0.1540,,
TRAIN,imgs/00032_COCO_train2014_000000163928.jpg,SpeedBumpSign,0.5280,0.0000,,,0.6400,0.1467,,
TRAIN,imgs/00033_COCO_train2014_000000295017.jpg,SpeedBumpSign,0.3833,0.0000,,,0.5333,0.1125,,
TRAIN,imgs/00034_COCO_train2014_000000393333.jpg,SpeedBumpSign,0.2906,0.0956,,,0.3578,0.2067,,
TRAIN,imgs/00035_COCO_train2014_000000442422.jpg,SpeedBumpSign,0.3440,0.5440,,,0.4620,0.7040,,
TRAIN,imgs/00035_COCO_train2014_000000442422.jpg,SpeedBumpSign,0.0000,0.1387,,,0.1200,0.2960,,
TRAIN,imgs/00036_COCO_train2014_000000000127.jpg,SpeedBumpSign,0.6438,0.3243,,,0.7828,0.5094,,
TRAIN,imgs/00042_COCO_train2014_000000131172.jpg,SpeedBumpSign,0.5938,0.2090,,,0.6734,0.3177,,
TRAIN,imgs/00045_COCO_train2014_000000024664.jpg,SpeedBumpSign,0.4375,0.2333,,,0.5406,0.3688,,
TRAIN,imgs/00045_COCO_train2014_000000024664.jpg,SpeedBumpSign,0.6281,0.0000,,,0.7766,0.2021,,
TRAIN,imgs/00047_COCO_train2014_000000000109.jpg,SpeedBumpSign,0.2594,0.3438,,,0.3531,0.4880,,
TRAIN,imgs/00048_COCO_train2014_000000409652.jpg,SpeedBumpSign,0.0000,0.0203,,,0.1424,0.1594,,
TRAIN,imgs/00048_COCO_train2014_000000409652.jpg,SpeedBumpSign,0.0000,0.2984,,,0.1424,0.4406,,
TRAIN,imgs/00049_COCO_train2014_000000319601.jpg,SpeedBumpSign,0.2797,0.3045,,,0.4219,0.5615,,
TRAIN,imgs/00049_COCO_train2014_000000319601.jpg,SpeedBumpSign,0.0000,0.0000,,,0.1406,0.2570,,
TRAIN,imgs/00051_COCO_train2014_000000524311.jpg,SpeedBumpSign,0.7094,0.5771,,,0.7984,0.6937,,
TRAIN,imgs/00052_COCO_train2014_000000458762.jpg,SpeedBumpSign,0.3250,0.2998,,,0.4531,0.4941,,
TRAIN,imgs/00052_COCO_train2014_000000458762.jpg,SpeedBumpSign,0.6875,0.0000,,,0.8156,0.1944,,
TRAIN,imgs/00053_COCO_train2014_000000458832.jpg,SpeedBumpSign,0.0391,0.2797,,,0.1094,0.4336,,
TRAIN,imgs/00053_COCO_train2014_000000458832.jpg,SpeedBumpSign,0.2781,0.2098,,,0.3422,0.3531,,
TRAIN,imgs/00053_COCO_train2014_000000458832.jpg,SpeedBumpSign,0.2781,0.3531,,,0.3438,0.5035,,
TRAIN,imgs/00055_COCO_train2014_000000442422.jpg,SpeedBumpSign,0.1320,0.4480,,,0.2020,0.5413,,
TRAIN,imgs/00057_COCO_train2014_000000450672.jpg,SpeedBumpSign,0.3281,0.5902,,,0.4125,0.7143,,
TRAIN,imgs/00061_COCO_train2014_000000442450.jpg,SpeedBumpSign,0.8812,0.8306,,,0.9172,0.8824,,
TRAIN,imgs/00068_COCO_train2014_000000393268.jpg,SpeedBumpSign,0.4781,0.1896,,,0.6141,0.3750,,
TRAIN,imgs/00069_COCO_train2014_000000131087.jpg,SpeedBumpSign,0.0109,0.1028,,,0.1375,0.2897,,
TRAIN,imgs/00075_COCO_train2014_000000295017.jpg,SpeedBumpSign,0.6875,0.2875,,,0.8104,0.3781,,
TRAIN,imgs/00075_COCO_train2014_000000295017.jpg,SpeedBumpSign,0.4396,0.0984,,,0.5604,0.1875,,
TRAIN,imgs/00076_COCO_train2014_000000450653.jpg,SpeedBumpSign,0.1320,0.1280,,,0.2500,0.2853,,
TRAIN,imgs/00076_COCO_train2014_000000450653.jpg,SpeedBumpSign,0.6640,0.6400,,,0.7760,0.7893,,
TRAIN,imgs/00076_COCO_train2014_000000450653.jpg,SpeedBumpSign,0.5120,0.2027,,,0.6180,0.3467,,
TRAIN,imgs/00076_COCO_train2014_000000450653.jpg,SpeedBumpSign,0.2880,0.5333,,,0.4020,0.6880,,
TRAIN,imgs/00077_COCO_train2014_000000253981.jpg,SpeedBumpSign,0.1000,0.1768,,,0.2880,0.4420,,
TRAIN,imgs/00078_COCO_train2014_000000524366.jpg,SpeedBumpSign,0.2016,0.7611,,,0.2531,0.8384,,
TRAIN,imgs/00079_COCO_train2014_000000000127.jpg,SpeedBumpSign,0.6344,0.0000,,,0.7234,0.1206,,
TRAIN,imgs/00079_COCO_train2014_000000000127.jpg,SpeedBumpSign,0.0688,0.2578,,,0.2031,0.4345,,
TRAIN,imgs/00082_COCO_train2014_000000262238.jpg,SpeedBumpSign,0.4313,0.0730,,,0.5609,0.2774,,
TRAIN,imgs/00082_COCO_train2014_000000262238.jpg,SpeedBumpSign,0.2547,0.0000,,,0.3453,0.1436,,
TRAIN,imgs/00083_COCO_train2014_000000335955.jpg,SpeedBumpSign,0.8172,0.3568,,,0.8812,0.4531,,
TRAIN,imgs/00084_COCO_train2014_000000483425.jpg,SpeedBumpSign,0.5109,0.3521,,,0.6062,0.4813,,
TRAIN,imgs/00086_COCO_train2014_000000393306.jpg,SpeedBumpSign,0.5266,0.7541,,,0.5875,0.8478,,
TRAIN,imgs/00087_COCO_train2014_000000458832.jpg,SpeedBumpSign,0.2906,0.0000,,,0.4531,0.3636,,
TRAIN,imgs/00090_COCO_train2014_000000262145.jpg,SpeedBumpSign,0.6375,0.0000,,,0.7516,0.1686,,
TRAIN,imgs/00090_COCO_train2014_000000262145.jpg,SpeedBumpSign,0.4250,0.3068,,,0.5094,0.4333,,
TRAIN,imgs/00091_COCO_train2014_000000131087.jpg,SpeedBumpSign,0.0906,0.2523,,,0.2156,0.4369,,
TRAIN,imgs/00096_COCO_train2014_000000344181.jpg,SpeedBumpSign,0.2922,0.0000,,,0.3609,0.0917,,
TRAIN,imgs/00097_COCO_train2014_000000409652.jpg,SpeedBumpSign,0.4351,0.2844,,,0.5524,0.3984,,
TRAIN,imgs/00099_COCO_train2014_000000262273.jpg,SpeedBumpSign,0.0000,0.5000,,,0.1562,0.6188,,
TRAIN,imgs/00101_COCO_train2014_000000393268.jpg,SpeedBumpSign,0.2672,0.7979,,,0.3203,0.8688,,
TRAIN,imgs/00103_COCO_train2014_000000450590.jpg,SpeedBumpSign,0.0750,0.5386,,,0.1219,0.6089,,
TEST,imgs/00103_COCO_train2014_000000450590.jpg,SpeedBumpSign,0.0750,0.6089,,,0.1234,0.6792,,
TEST,imgs/00103_COCO_train2014_000000450590.jpg,SpeedBumpSign,0.6266,0.6393,,,0.6734,0.7096,,
TEST,imgs/00109_COCO_train2014_000000548912.jpg,SpeedBumpSign,0.0000,0.2533,,,0.1700,0.4773,,
TEST,imgs/00110_COCO_train2014_000000368702.jpg,SpeedBumpSign,0.0000,0.0000,,,0.2583,0.1720,,
TEST,imgs/00112_COCO_train2014_000000450666.jpg,SpeedBumpSign,0.0860,0.2289,,,0.2060,0.4096,,
TEST,imgs/00113_COCO_train2014_000000294968.jpg,SpeedBumpSign,0.3484,0.0000,,,0.4031,0.0750,,
TEST,imgs/00114_COCO_train2014_000000393251.jpg,SpeedBumpSign,0.3875,0.3563,,,0.5208,0.4578,,
TEST,imgs/00114_COCO_train2014_000000393251.jpg,SpeedBumpSign,0.0604,0.0437,,,0.1896,0.1391,,
TEST,imgs/00115_COCO_train2014_000000385066.jpg,SpeedBumpSign,0.5900,0.0000,,,0.7580,0.2933,,
TEST,imgs/00116_COCO_train2014_000000344127.jpg,SpeedBumpSign,0.6471,0.0000,,,0.7353,0.0850,,
TEST,imgs/00116_COCO_train2014_000000344127.jpg,SpeedBumpSign,0.6471,0.1732,,,0.7353,0.2582,,
TEST,imgs/00119_COCO_train2014_000000114776.jpg,SpeedBumpSign,0.0766,0.0000,,,0.1656,0.1187,,
TEST,imgs/00120_COCO_train2014_000000196619.jpg,SpeedBumpSign,0.1440,0.0000,,,0.3959,0.1920,,
TEST,imgs/00121_COCO_train2014_000000041132.jpg,SpeedBumpSign,0.0820,0.0000,,,0.1980,0.1520,,
TEST,imgs/00127_COCO_train2014_000000393223.jpg,SpeedBumpSign,0.5375,0.0000,,,0.6203,0.1083,,
TEST,imgs/00129_COCO_train2014_000000204800.jpg,SpeedBumpSign,0.2750,0.1703,,,0.3542,0.2297,,
TEST,imgs/00134_COCO_train2014_000000229419.jpg,SpeedBumpSign,0.0250,0.4756,,,0.1578,0.6394,,
TEST,imgs/00134_COCO_train2014_000000229419.jpg,SpeedBumpSign,0.5938,0.5380,,,0.7359,0.7193,,
TEST,imgs/00135_COCO_train2014_000000393306.jpg,SpeedBumpSign,0.6438,0.2155,,,0.7781,0.4169,,
TEST,imgs/00135_COCO_train2014_000000393306.jpg,SpeedBumpSign,0.0516,0.0000,,,0.1469,0.1452,,
TEST,imgs/00136_COCO_train2014_000000000113.jpg,SpeedBumpSign,0.0000,0.4500,,,0.1370,0.5391,,
TEST,imgs/00138_COCO_train2014_000000393306.jpg,SpeedBumpSign,0.3828,0.5667,,,0.4750,0.7073,,
TEST,imgs/00140_COCO_train2014_000000204800.jpg,SpeedBumpSign,0.0000,0.3672,,,0.1146,0.4531,,
TEST,imgs/00141_COCO_train2014_000000385066.jpg,SpeedBumpSign,0.0000,0.2332,,,0.1660,0.5230,,
TEST,imgs/00141_COCO_train2014_000000385066.jpg,SpeedBumpSign,0.1800,0.1802,,,0.3440,0.4664,,
TEST,imgs/00143_COCO_train2014_000000106621.jpg,SpeedBumpSign,0.0700,0.5547,,,0.1720,0.6933,,
TEST,imgs/00143_COCO_train2014_000000106621.jpg,SpeedBumpSign,0.6180,0.1947,,,0.7200,0.3307,,
TEST,imgs/00144_COCO_train2014_000000237643.jpg,SpeedBumpSign,0.5219,0.0749,,,0.6125,0.2921,,
TEST,imgs/00144_COCO_train2014_000000237643.jpg,SpeedBumpSign,0.2281,0.3221,,,0.3141,0.5356,,
TEST,imgs/00146_COCO_train2014_000000262171.jpg,SpeedBumpSign,0.1688,0.3729,,,0.2172,0.4375,,
TEST,imgs/00148_COCO_train2014_000000524366.jpg,SpeedBumpSign,0.6531,0.0000,,,0.7844,0.1944,,
VALIDATION,imgs/00149_COCO_train2014_000000114776.jpg,SpeedBumpSign,0.1656,0.7458,,,0.2297,0.8313,,
VALIDATION,imgs/00149_COCO_train2014_000000114776.jpg,SpeedBumpSign,0.4094,0.1750,,,0.4781,0.2646,,
VALIDATION,imgs/00149_COCO_train2014_000000114776.jpg,SpeedBumpSign,0.6813,0.3167,,,0.7516,0.4104,,